Store number,Pharmacy location,Site location,scripts,review_claims,avg_risk_score,review_rate
0,,,3763,3763,37.86340685623173,1.0
2,,,2230,2230,37.72645739910314,1.0
1,,,1045,1045,37.760765550239235,1.0
3,,,1018,1018,37.29862475442043,1.0
4,,,2,2,35.0,1.0
